{
    "optimal_threshold": 0.8173473473473473,
    "soc_cost": 69428,
    "cost_fn": 12,
    "cost_fp": 2,
    "min_precision": 0.8,
    "achieved_precision": 0.8006015329387794,
    "confusion": {
        "tn": 26724,
        "fp": 10276,
        "fn": 4073,
        "tp": 41259
    }
}