{
    "optimal_threshold": 0.7447547547547547,
    "soc_cost": 39116,
    "cost_fn": 10,
    "cost_fp": 2,
    "min_precision": 0.75,
    "achieved_precision": 0.7502958980081837,
    "confusion": {
        "tn": 22232,
        "fp": 14768,
        "fn": 958,
        "tp": 44374
    }
}