{
    "optimal_threshold": 0.78007007007007,
    "soc_cost": 42078,
    "is_fallback": false,
    "cost_fn": 12,
    "cost_fp": 2,
    "min_precision": 0.75,
    "min_recall": 0.8,
    "achieved_precision": 0.7504915254237288,
    "achieved_recall": 0.976771375628695,
    "confusion": {
        "tn": 22279,
        "fp": 14721,
        "fn": 1053,
        "tp": 44279
    }
}